{"layers":[{"alpha":1,"blending":"normal","clearing":true,"collapsed":false,"drawToOutput":true,"enabled":true,"inherit":false,"inheritFrom":-1,"locked":false,"moduleOrder":["block-color.fs","Text","Waveform","Polygon","Polygon (1)","Ball","Doughnut Generator","Un Deux Trois","NERDDISCO UltraSquare","GreatBallOfFire.fs","tapestryfract.fs","hexagons.fs","plasma.fs","CollapsingArchitecture.fs","st_Ms2SD1.fs.fs","Falling Into Fractals","Ocean Structure","Super Mario Bros.","Re Fractal land by Kali","Galaxy of Universes","Tokyo","Minecraft Blocks","Voxel Pac-Man","Fire Storm Cube","Chromatic Abberation (1)","Chromatic Abberation","MattiasCRT","Fisheye","Pixelate","Collage.fs","badtv.fs","Triangles.fs","ASCII Art.fs","Pinch.fs","feedback.fs","Optical Flow Distort","Optical Flow Distort (1)","MirrorEdge","EdgeDistort","Echo Trace.fs","rgbtimeglitch.fs","VHS Glitch.fs.fs","RGB Halftone-lookaround.fs","Convergence.fs","LogTransWarpSpiral.fs","Slice.fs","rotozoomer.fs","RGB Strobe.fs"],"name":"Layer (1)","pipeline":false},{"alpha":1,"clearing":true,"drawToOutput":true,"enabled":true,"inherit":false,"inheritFrom":-1,"moduleOrder":["scale.fs"],"name":"Layer","pipeline":false}],"moduleData":{"Text":{"values":{"text":"schickmalzwo","size":177,"customFont":"Rubik","fill":true,"stroke":false,"strokeWidth":8.12,"position":[1,1.01],"maxWidth":0.92,"color":"rgb(256,256,256)"},"meta":{"name":"Text","author":"2xAA","version":0.1,"type":"2d","originalName":"Text","alpha":1,"enabled":false,"compositeOperation":"normal"}},"Waveform":{"values":{"strokeWeight":30,"maxHeight":212.60177897983945,"windowing":"hanning","color":"rgb(256,256,256)"},"meta":{"name":"Waveform","author":"2xAA","version":"1.0.0","audioFeatures":["buffer"],"type":"2d","originalName":"Waveform","alpha":1,"enabled":false,"compositeOperation":"lighten"}},"Polygon":{"values":{"intensity":15,"shapeSize":326,"strokeWeight":10,"fill":true,"rotateToggle":false,"rotateSpeed":5,"color":"rgb(256,256,256)"},"meta":{"type":"2d","name":"Polygon","author":"2xAA","audioFeatures":["rms","zcr"],"version":"0.2.0","originalName":"Polygon","alpha":1,"enabled":false,"compositeOperation":"lighten"}},"Polygon (1)":{"values":{"intensity":15,"shapeSize":326,"strokeWeight":20,"fill":false,"rotateToggle":true,"rotateSpeed":5,"color":"rgb(256,256,256)"},"meta":{"type":"2d","name":"Polygon (1)","author":"2xAA","audioFeatures":["rms","zcr"],"version":"0.2.0","originalName":"Polygon","alpha":1,"enabled":false,"compositeOperation":"lighten"}},"Ball":{"values":{"amount":40,"speed":2,"wrap":false,"size":9,"intensity":15,"soundType":false,"color":"rgb(1,1,1)"},"meta":{"name":"Ball","author":"2xAA","version":"1.0.0","audioFeatures":["zcr","rms"],"type":"2d","originalName":"Ball","alpha":1,"enabled":false,"compositeOperation":"lighten"}},"Doughnut Generator":{"values":{"posX":0.0012084427319224665,"posY":0.0012084427319224665,"spread":101.47,"points":1388,"multiplier":4.23,"size":3.16,"speed":2705.88,"color":"rgb(256,256,256)","shape":"point"},"meta":{"name":"Doughnut Generator","author":"2xAA","type":"2d","version":"1.0.0","originalName":"Doughnut Generator","alpha":1,"enabled":false,"compositeOperation":"lighten"}},"Un Deux Trois":{"values":{"step":143,"lineWidth":5},"meta":{"name":"Un Deux Trois","author":"Vera Molnár","version":"1.0.0","audioFeatures":["energy"],"type":"2d","originalName":"Un Deux Trois","alpha":1,"enabled":false,"compositeOperation":"normal"}},"NERDDISCO UltraSquare":{"values":{"superWidth":129,"superHeight":129},"meta":{"type":"2d","author":"Tim Pietrusky","version":"1.0.0","name":"NERDDISCO UltraSquare","originalName":"NERDDISCO UltraSquare","alpha":1,"enabled":false,"compositeOperation":"normal"}},"Pixelate":{"values":{"pixelAmount":0,"soundReactive":false,"intensity":26,"soundType":false},"meta":{"name":"Pixelate","author":"2xAA","version":"1.0.0","audioFeatures":["zcr","rms"],"type":"2d","previewWithOutput":true,"originalName":"Pixelate","alpha":1,"enabled":false,"compositeOperation":"normal"}},"block-color.fs":{"values":{"r":1.42,"g":1.62,"b":1,"a":1.04},"meta":{"name":"block-color.fs","author":"2xAA","version":"1.0","type":"isf","isfVersion":2,"description":"Solid color block","originalName":"block-color.fs","alpha":1,"enabled":false,"compositeOperation":"normal"}},"GreatBallOfFire.fs":{"values":{"offset":[0,0],"rotation":4.7417517330685706e-9,"size":4.11,"depth":0.08,"density":4.7417517330685706e-9,"rateX":0.32,"rateY":1.91,"rateZ":-4.02},"meta":{"name":"GreatBallOfFire.fs","author":"by mojovideotech","type":"isf","isfVersion":2,"description":"GreatBallOfFire","originalName":"GreatBallOfFire.fs","alpha":1,"enabled":false,"compositeOperation":"multiply"}},"tapestryfract.fs":{"values":{"h":0.48,"j":4.606597556692652e-7},"meta":{"name":"tapestryfract.fs","author":"by echophons","type":"isf","isfVersion":2,"description":"","originalName":"tapestryfract.fs","alpha":1,"enabled":false,"compositeOperation":"source-in"}},"hexagons.fs":{"values":{"termThres":2.41,"step_p":0.2,"rot_z":3.07,"squiggle":0.65,"repeat":3.999999999999951,"speed":1.31,"hex_1":0.11,"hex_2":0.8,"hex_depth":0.5000000016768074,"offset_cam":0.67},"meta":{"name":"hexagons.fs","author":"by sheltron3030","type":"isf","isfVersion":1,"description":"","previewWithOutput":true,"originalName":"hexagons.fs","alpha":1,"enabled":false,"compositeOperation":"source-in"}},"plasma.fs":{"values":{"timeScale":2,"uScale":[49.41,46.47]},"meta":{"name":"plasma.fs","author":"","type":"isf","isfVersion":2,"description":"","originalName":"plasma.fs","alpha":1,"enabled":false,"compositeOperation":"source-in"}},"CollapsingArchitecture.fs":{"values":{"rate":0.15,"FOV":-0.97,"twist":0.06998730535655981,"ambient":0.4,"gamma":1.4,"fog":0.02},"meta":{"name":"CollapsingArchitecture.fs","author":"by mojovideotech","type":"isf","isfVersion":2,"description":"mod of https://www.shadertoy.com/view/XltXWN by s23b","originalName":"CollapsingArchitecture.fs","alpha":1,"enabled":false,"compositeOperation":"source-in"}},"st_Ms2SD1.fs.fs":{"values":{"iMouse":[-0.05,0.73],"SEA_FREQ":0.19383832798544695,"SEA_CHOPPY":5.156797194541077,"SEA_HEIGHT":0.5003054000711499,"SEA_SPEED":0.12,"SEA_BASE":[0,0,0,1],"SEA_WATER_COLOR":[0,0,0,1]},"meta":{"name":"st_Ms2SD1.fs.fs","type":"isf","isfVersion":2,"description":"Automatically converted from https://www.shadertoy.com/view/Ms2SD1","originalName":"st_Ms2SD1.fs.fs","alpha":1,"enabled":false,"compositeOperation":"source-in"}},"Collage.fs":{"values":{"inputImage":false,"seed":0.19,"cell_size":0.0097491241850666,"allow_flips_h":true,"allow_flips_v":true},"meta":{"name":"Collage.fs","author":"by VIDVOX","type":"isf","isfVersion":2,"previewWithOutput":true,"originalName":"Collage.fs","alpha":1,"enabled":false,"compositeOperation":"normal"}},"badtv.fs":{"values":{"noiseLevel":0.63,"distortion1":1,"distortion2":4.38,"speed":0.15,"scroll":0.0000014491733983664526,"scanLineThickness":24.35,"scanLineIntensity":0.51,"scanLineOffset":0.01},"meta":{"name":"badtv.fs","author":"by VIDVOX","type":"isf","isfVersion":2,"previewWithOutput":true,"originalName":"badtv.fs","alpha":1,"enabled":false,"compositeOperation":"normal"}},"Triangles.fs":{"values":{"inputImage":false,"cell_size":0.00003073821714019076,"style":1},"meta":{"name":"Triangles.fs","author":"by VIDVOX","type":"isf","isfVersion":2,"previewWithOutput":true,"originalName":"Triangles.fs","alpha":1,"enabled":false,"compositeOperation":"normal"}},"ASCII Art.fs":{"values":{"amount":1},"meta":{"name":"ASCII Art.fs","author":"by IMIMOT (Ported from https://www.shadertoy.com/view/lssGDj)","type":"isf","isfVersion":2,"description":"ASCII Art","previewWithOutput":true,"originalName":"ASCII Art.fs","alpha":1,"enabled":false,"compositeOperation":"normal"}},"Pinch.fs":{"values":{"inputImage":false,"center":[0.5,0.5],"amount":4},"meta":{"name":"Pinch.fs","author":"2xAA","type":"isf","isfVersion":2,"description":"Pinch","previewWithOutput":true,"originalName":"Pinch.fs","alpha":1,"enabled":false,"compositeOperation":"normal"}},"feedback.fs":{"values":{"offset":0.25,"offset_right":0.06,"mix_var":1},"meta":{"name":"feedback.fs","author":"by dantheman","type":"isf","isfVersion":1,"description":"RGB GLitchMod","previewWithOutput":true,"originalName":"feedback.fs","alpha":1,"enabled":false,"compositeOperation":"normal"}},"Optical Flow Distort":{"values":{"inputImage":false,"amt":0.79,"maskHold":0.69,"inputScale":8.35,"inputOffset":0.68,"inputLambda":0.32},"meta":{"name":"Optical Flow Distort","author":"by VIDVOX, based on original implementation by Andrew Benson and v002","type":"isf","isfVersion":2,"description":"Uses an optical flow mask to create a distortion","previewWithOutput":true,"originalName":"Optical Flow Distort","alpha":1,"enabled":false,"compositeOperation":"source-atop"}},"Optical Flow Distort (1)":{"values":{"amt":0.49,"maskHold":0.95,"inputScale":2,"inputOffset":0.08,"inputLambda":1},"meta":{"name":"Optical Flow Distort (1)","author":"by VIDVOX, based on original implementation by Andrew Benson and v002","type":"isf","isfVersion":2,"description":"Uses an optical flow mask to create a distortion","previewWithOutput":true,"originalName":"Optical Flow Distort","alpha":1,"enabled":false,"compositeOperation":"source-in"}},"MirrorEdge":{"values":{"angle":0,"shift":[0,0.5]},"meta":{"type":"isf","name":"MirrorEdge","author":"by VIDVOX","isfVersion":2,"previewWithOutput":true,"originalName":"MirrorEdge","alpha":1,"enabled":false,"compositeOperation":"normal"}},"EdgeDistort":{"values":{"intensity":0.65,"invert_map":true},"meta":{"name":"EdgeDistort","author":"by VIDVOX","type":"isf","isfVersion":2,"previewWithOutput":true,"originalName":"EdgeDistort","alpha":1,"enabled":false,"compositeOperation":"normal"}},"Echo Trace.fs":{"values":{"thresh":4.573311085727598e-8,"gain":1.19,"hardCutoff":true,"invert":false},"meta":{"name":"Echo Trace.fs","author":"by VIDVOX","type":"isf","isfVersion":2,"description":"Pixel with brightness levels below the threshold do not update.","previewWithOutput":true,"originalName":"Echo Trace.fs","alpha":1,"enabled":false,"compositeOperation":"normal"}},"rgbtimeglitch.fs":{"values":{"inputDelay":[0.9215686274509803,0.21568627450980393,0.21568627450980393,1],"inputRate":0.00005006105427219638,"glitch_size":0.39,"glitch_horizontal":0.009888149302340835,"glitch_vertical":0.15450233284907558,"randomize_size":true,"randomize_position":false,"randomize_zoom":false},"meta":{"name":"rgbtimeglitch.fs","author":"by VIDVOX","type":"isf","isfVersion":1,"description":"Buffers 8 recent frames","previewWithOutput":true,"originalName":"rgbtimeglitch.fs","alpha":1,"enabled":false,"compositeOperation":"normal"}},"VHS Glitch.fs.fs":{"values":{"autoScan":true,"xScanline":0.010078712003287072,"xScanline2":0.5,"yScanline":0.64,"xScanlineSize":0.85,"xScanlineSize2":0.25,"yScanlineAmount":0.44,"grainLevel":1.45,"scanFollow":true,"analogDistort":5.12,"bleedAmount":1,"bleedDistort":0.79,"bleedRange":0.38,"colorBleedL":[0,0,0,1],"colorBleedC":[0,0,0,1],"colorBleedR":[0,0,0,1]},"meta":{"name":"VHS Glitch.fs.fs","author":"David Lublin, original by Staffan Widegarn Åhlvik","type":"isf","isfVersion":2,"description":"VHS Glitch Style","previewWithOutput":true,"originalName":"VHS Glitch.fs.fs","alpha":1,"enabled":false,"compositeOperation":"normal"}},"RGB Halftone-lookaround.fs":{"values":{"gridSize":250101,"smoothing":0.1},"meta":{"name":"RGB Halftone-lookaround.fs","author":"by zoidberg","type":"isf","isfVersion":2,"previewWithOutput":true,"originalName":"RGB Halftone-lookaround.fs","alpha":1,"enabled":false,"compositeOperation":"normal"}},"Convergence.fs":{"values":{"horizontal_magnitude":0.000009012174223211825,"vertical_magnitude":4.158427352551611e-8,"color_magnitude":0.009012174223211825},"meta":{"name":"Convergence.fs","author":"by VIDVOX","type":"isf","isfVersion":2,"description":"","previewWithOutput":true,"originalName":"Convergence.fs","alpha":1,"enabled":false,"compositeOperation":"normal"}},"LogTransWarpSpiral.fs":{"values":{"rate":0.25,"sinwarp":false},"meta":{"name":"LogTransWarpSpiral.fs","author":"by mojovideotech","type":"isf","isfVersion":2,"description":"Transformation from screen-coordinates to logarithmic spiral with golden angle.","previewWithOutput":true,"originalName":"LogTransWarpSpiral.fs","alpha":1,"enabled":false,"compositeOperation":"normal"}},"Slice.fs":{"values":{"slices":34.95,"offset":0.000009394851101937887,"timeMultiplier":0.009394851101937888},"meta":{"name":"Slice.fs","author":"https://getmosh.io/","type":"isf","isfVersion":2,"description":"Slice","previewWithOutput":true,"originalName":"Slice.fs","alpha":1,"enabled":false,"compositeOperation":"normal"}},"rotozoomer.fs":{"values":{"rotationSpeed":2.12,"zoomScale":1.0003087229388234,"timeScale":0.32},"meta":{"name":"rotozoomer.fs","author":"LukasPukenis ","type":"isf","isfVersion":2,"description":"Rotozoomer","previewWithOutput":true,"originalName":"rotozoomer.fs","alpha":1,"enabled":false,"compositeOperation":"normal"}},"RGB Strobe.fs":{"values":{"r":true,"g":true,"b":true,"a":false,"strobeRates":[0.16470588235294117,0.16470588235294117,0.16470588235294117,1]},"meta":{"name":"RGB Strobe.fs","author":"by VIDVOX","type":"isf","isfVersion":2,"description":"","previewWithOutput":true,"originalName":"RGB Strobe.fs","alpha":1,"enabled":false,"compositeOperation":"normal"}},"scale.fs":{"values":{"scale":2.951089792412347e-44},"meta":{"name":"scale.fs","author":"2xAA","type":"isf","isfVersion":2,"description":"Scale","previewWithOutput":true,"originalName":"scale.fs","alpha":1,"enabled":false,"compositeOperation":"normal"}},"Falling Into Fractals":{"values":{"modvwaveaspeed":3.06,"modvwavebspeed":2.94,"modvdepth":2.41,"mX":0.43,"mY":0.86,"mZ":0.76,"mW":0.8},"meta":{"name":"Falling Into Fractals","author":"MaxMaletin","version":0.1,"type":"shader","previewWithOutput":true,"flipY":false,"originalName":"Falling Into Fractals","alpha":1,"enabled":false,"compositeOperation":"source-in"}},"Ocean Structure":{"values":{"mX":0.21548389412042673,"mY":0,"mZ":0.44,"mW":0.52},"meta":{"name":"Ocean Structure","author":"dr2","version":0.1,"uniforms":{},"type":"shader","previewWithOutput":true,"flipY":false,"originalName":"Ocean Structure","alpha":1,"enabled":false,"compositeOperation":"source-in"}},"Super Mario Bros.":{"values":{},"meta":{"name":"Super Mario Bros.","author":"HLorenzi","version":0.1,"uniforms":{},"type":"shader","previewWithOutput":true,"flipY":false,"originalName":"Super Mario Bros.","alpha":1,"enabled":false,"compositeOperation":"source-in"}},"Re Fractal land by Kali":{"values":{"mX":0.22,"mY":0.44,"mZ":0.29,"mW":0.48},"meta":{"name":"Re Fractal land by Kali","author":"wizgrav","version":0.1,"uniforms":{},"type":"shader","previewWithOutput":true,"flipY":false,"originalName":"Re Fractal land by Kali","alpha":1,"enabled":false,"compositeOperation":"source-in"}},"Galaxy of Universes":{"values":{},"meta":{"name":"Galaxy of Universes","author":"Dave_Hoskins","version":0.1,"uniforms":{},"type":"shader","previewWithOutput":true,"flipY":true,"originalName":"Galaxy of Universes","alpha":1,"enabled":false,"compositeOperation":"source-in"}},"Tokyo":{"values":{},"meta":{"name":"Tokyo","author":"reinder","version":0.1,"uniforms":{},"type":"shader","previewWithOutput":true,"flipY":false,"originalName":"Tokyo","alpha":1,"enabled":false,"compositeOperation":"source-in"}},"Minecraft Blocks":{"values":{},"meta":{"name":"Minecraft Blocks","author":"reinder","version":0.1,"uniforms":{},"type":"shader","previewWithOutput":true,"flipY":false,"originalName":"Minecraft Blocks","alpha":1,"enabled":false,"compositeOperation":"source-in"}},"Voxel Pac-Man":{"values":{"mX":0.03794600906319657,"mY":0,"mZ":0.66,"mW":0.54},"meta":{"name":"Voxel Pac-Man","author":"Nrx","version":0.1,"uniforms":{},"type":"shader","previewWithOutput":true,"flipY":false,"originalName":"Voxel Pac-Man","alpha":1,"enabled":false,"compositeOperation":"source-in"}},"Fire Storm Cube":{"values":{"modvstrength":5339.999957526507,"mX":0.5,"mY":0.5,"mZ":0.5,"mW":0.5},"meta":{"name":"Fire Storm Cube","author":"slerpy","version":0.1,"type":"shader","previewWithOutput":true,"flipY":false,"originalName":"Fire Storm Cube","alpha":1,"enabled":false,"compositeOperation":"source-in"}},"Chromatic Abberation (1)":{"values":{"rOffset":1.31,"gOffset":1.19,"bOffset":2.16},"meta":{"name":"Chromatic Abberation (1)","author":"2xAA","version":"1.0.0","previewWithOutput":true,"meyda":[],"type":"shader","originalName":"Chromatic Abberation","alpha":1,"enabled":false,"compositeOperation":"normal"}},"Chromatic Abberation":{"values":{"rOffset":0.0000014499623374774216,"gOffset":6.296928018769472,"bOffset":2.75},"meta":{"name":"Chromatic Abberation","author":"2xAA","version":"1.0.0","previewWithOutput":true,"meyda":[],"type":"shader","originalName":"Chromatic Abberation","alpha":1,"enabled":false,"compositeOperation":"normal"}},"MattiasCRT":{"values":{},"meta":{"name":"MattiasCRT","author":"Mattias","version":"1.0.0","previewWithOutput":true,"type":"shader","originalName":"MattiasCRT","alpha":1,"enabled":false,"compositeOperation":"normal"}},"Fisheye":{"values":{"aperture":180},"meta":{"name":"Fisheye","type":"shader","version":"1.0.0","author":"???","previewWithOutput":true,"originalName":"Fisheye","alpha":1,"enabled":false,"compositeOperation":"normal"}}},"paletteData":{"Text-color":{"bpmDivision":16,"duration":500,"useBpm":false,"moduleName":"Text","colors":[{"r":255,"g":255,"b":255,"a":1},{"r":255,"g":255,"b":255,"a":1}],"variable":"color","currentColor":1,"currentStep":"rgb(256,256,256)"},"Waveform-color":{"bpmDivision":16,"duration":500,"useBpm":false,"moduleName":"Waveform","colors":[{"r":255,"g":255,"b":255,"a":1},{"r":255,"g":255,"b":255,"a":1}],"variable":"color","currentColor":1,"currentStep":"rgb(256,256,256)"},"Ball-color":{"bpmDivision":16,"duration":1000,"useBpm":false,"moduleName":"Ball","colors":[{"r":0,"g":0,"b":0,"a":1},{"r":0,"g":0,"b":0,"a":1}],"variable":"color","currentColor":0,"currentStep":"rgb(1,1,1)"},"Polygon-color":{"bpmDivision":16,"duration":500,"useBpm":false,"moduleName":"Polygon","colors":[{"r":255,"g":255,"b":255,"a":1},{"r":255,"g":255,"b":255,"a":1}],"variable":"color","currentColor":1,"currentStep":"rgb(256,256,256)"},"Doughnut Generator-color":{"bpmDivision":16,"duration":500,"useBpm":false,"moduleName":"Doughnut Generator","colors":[{"r":255,"g":255,"b":255,"a":1},{"r":255,"g":255,"b":255,"a":1}],"variable":"color","currentColor":1,"currentStep":"rgb(256,256,256)"},"Polygon (1)-color":{"bpmDivision":16,"duration":500,"useBpm":false,"moduleName":"Polygon (1)","colors":[{"r":255,"g":255,"b":255,"a":1},{"r":255,"g":255,"b":255,"a":1}],"variable":"color","currentColor":1,"currentStep":"rgb(256,256,256)"}},"pluginData":{"Feature Assignment":{"controlAssignments":[{"feature":"energy","moduleName":"GreatBallOfFire.fs","controlVariable":"density"},{"feature":"energy","moduleName":"GreatBallOfFire.fs","controlVariable":"rotation"},{"feature":"energy","moduleName":"badtv.fs","controlVariable":"scroll"},{"feature":"energy","moduleName":"tapestryfract.fs","controlVariable":"j"},{"feature":"rms","moduleName":"Collage.fs","controlVariable":"cell_size"},{"feature":"rms","moduleName":"Triangles.fs","controlVariable":"cell_size"},{"feature":"rms","moduleName":"Waveform","controlVariable":"maxHeight"},{"feature":"rms","moduleName":"st_Ms2SD1.fs.fs","controlVariable":"SEA_HEIGHT"},{"feature":"rms","moduleName":"st_Ms2SD1.fs.fs","controlVariable":"SEA_CHOPPY"},{"feature":"energy","moduleName":"hexagons.fs","controlVariable":"hex_depth"},{"feature":"energy","moduleName":"Chromatic Abberation","controlVariable":"rOffset"},{"feature":"energy","moduleName":"Doughnut Generator","controlVariable":"posY"},{"feature":"energy","moduleName":"Doughnut Generator","controlVariable":"posX"},{"feature":"rms","moduleName":"Un Deux Trois","controlVariable":"lineWidth"},{"feature":"energy","moduleName":"CollapsingArchitecture.fs","controlVariable":"twist"},{"feature":"rms","moduleName":"Ocean Structure","controlVariable":"mY"},{"feature":"rms","moduleName":"Voxel Pac-Man","controlVariable":"mY"},{"feature":"rms","moduleName":"MirrorEdge","controlVariable":"angle"},{"feature":"energy","moduleName":"Echo Trace.fs","controlVariable":"thresh"},{"feature":"rms","moduleName":"rgbtimeglitch.fs","controlVariable":"glitch_horizontal"},{"feature":"energy","moduleName":"rgbtimeglitch.fs","controlVariable":"inputRate"},{"feature":"rms","moduleName":"rgbtimeglitch.fs","controlVariable":"glitch_vertical"},{"feature":"rms","moduleName":"VHS Glitch.fs.fs","controlVariable":"xScanline"},{"feature":"energy","moduleName":"RGB Halftone-lookaround.fs","controlVariable":"gridSize"},{"feature":"rms","moduleName":"Convergence.fs","controlVariable":"horizontal_magnitude"},{"feature":"energy","moduleName":"Convergence.fs","controlVariable":"vertical_magnitude"},{"feature":"rms","moduleName":"Convergence.fs","controlVariable":"color_magnitude"},{"feature":"rms","moduleName":"Slice.fs","controlVariable":"timeMultiplier"},{"feature":"rms","moduleName":"Slice.fs","controlVariable":"offset"},{"feature":"rms","moduleName":"rotozoomer.fs","controlVariable":"zoomScale"},{"feature":"rms","moduleName":"NERDDISCO UltraSquare","controlVariable":"superWidth"},{"feature":"rms","moduleName":"NERDDISCO UltraSquare","controlVariable":"superHeight"},{"feature":"energy","moduleName":"scale.fs","controlVariable":"scale"},{"feature":"energy","moduleName":"Pixelate","controlVariable":"pixelAmount"},{"feature":"energy","moduleName":"Fire Storm Cube","controlVariable":"modvstrength"}]},"Value Expression":{"assignments":{"Text":{"size":{"func":{},"expression":"value","additionalScope":{},"moduleName":"Text","controlVariable":"size"}},"Chromatic Abberation":{"gOffset":{"func":{},"expression":"1.5 + sin((value * 360) * (PI / 180)) / 2 * 10","additionalScope":{},"moduleName":"Chromatic Abberation","controlVariable":"gOffset"},"rOffset":{"func":{},"expression":"0 + sin((value * 360) * (PI / 180)) / 2","additionalScope":{},"moduleName":"Chromatic Abberation","controlVariable":"rOffset"}},"GreatBallOfFire.fs":{"size":{"func":{},"expression":"value","additionalScope":{},"moduleName":"GreatBallOfFire.fs","controlVariable":"size"},"rotation":{"func":{},"expression":"value / 10","additionalScope":{},"moduleName":"GreatBallOfFire.fs","controlVariable":"rotation"},"density":{"func":{},"expression":"value / 10","additionalScope":{},"moduleName":"GreatBallOfFire.fs","controlVariable":"density"}},"badtv.fs":{"scroll":{"func":{},"expression":"value * 3","additionalScope":{},"moduleName":"badtv.fs","controlVariable":"scroll"}},"tapestryfract.fs":{"j":{"func":{},"expression":"value * 2","additionalScope":{},"moduleName":"tapestryfract.fs","controlVariable":"j"}},"Collage.fs":{"cell_size":{"func":{},"expression":"value * 10","additionalScope":{},"moduleName":"Collage.fs","controlVariable":"cell_size"}},"Triangles.fs":{"cell_size":{"func":{},"expression":"value * 1.5","additionalScope":{},"moduleName":"Triangles.fs","controlVariable":"cell_size"}},"hexagons.fs":{"step_p":{"func":{},"expression":"value","additionalScope":{},"moduleName":"hexagons.fs","controlVariable":"step_p"},"repeat":{"func":{},"expression":"2 + value * 0.5","additionalScope":{},"moduleName":"hexagons.fs","controlVariable":"repeat"},"hex_1":{"func":{},"expression":"value","additionalScope":{},"moduleName":"hexagons.fs","controlVariable":"hex_1"},"hex_depth":{"func":{},"expression":"0.5 + sin((value * 360) * (PI / 180)) / 2 / 10","additionalScope":{},"moduleName":"hexagons.fs","controlVariable":"hex_depth"}},"Waveform":{"strokeWeight":{"func":{},"expression":"value","additionalScope":{},"moduleName":"Waveform","controlVariable":"strokeWeight"},"maxHeight":{"func":{},"expression":"value * 3000","additionalScope":{},"moduleName":"Waveform","controlVariable":"maxHeight"}},"st_Ms2SD1.fs.fs":{"SEA_HEIGHT":{"func":{},"expression":"(0.5 + sin((value * 360) * (PI / 180)) / 2) / 1","additionalScope":{},"moduleName":"st_Ms2SD1.fs.fs","controlVariable":"SEA_HEIGHT"},"SEA_FREQ":{"func":{},"expression":"(0.5 + sin((value * 360) * (PI / 180)) / 2) / 5","additionalScope":{},"moduleName":"st_Ms2SD1.fs.fs","controlVariable":"SEA_FREQ"},"SEA_CHOPPY":{"func":{},"expression":"0.5 + sin((value * 360) * (PI / 180)) / 2 * 25","additionalScope":{},"moduleName":"st_Ms2SD1.fs.fs","controlVariable":"SEA_CHOPPY"}},"Doughnut Generator":{"posX":{"func":{},"expression":"value * 150","additionalScope":{},"moduleName":"Doughnut Generator","controlVariable":"posX"},"posY":{"func":{},"expression":"value  * 150","additionalScope":{},"moduleName":"Doughnut Generator","controlVariable":"posY"}},"Un Deux Trois":{"lineWidth":{"func":{},"expression":"5 + (sin((value * 360) * (PI / 180)) / 2 * 800)","additionalScope":{},"moduleName":"Un Deux Trois","controlVariable":"lineWidth"}},"plasma.fs":{"timeScale":{"func":{},"expression":"(0.5 + sin((value * 360) * (PI / 180)) / 2) < 0.15 ? 1.5 : 2","additionalScope":{},"moduleName":"plasma.fs","controlVariable":"timeScale"}},"CollapsingArchitecture.fs":{"FOV":{"func":{},"expression":"value","additionalScope":{},"moduleName":"CollapsingArchitecture.fs","controlVariable":"FOV"},"ambient":{"func":{},"expression":"value","additionalScope":{},"moduleName":"CollapsingArchitecture.fs","controlVariable":"ambient"},"twist":{"func":{},"expression":"((0.75 - value) < 0) ? (-0.5 * sin((value * 360) * (PI / 180)) / 2) : (0.5 + sin((value * 360) * (PI / 180)) / 2) / 10","additionalScope":{},"moduleName":"CollapsingArchitecture.fs","controlVariable":"twist"},"rate":{"func":{},"expression":"value","additionalScope":{},"moduleName":"CollapsingArchitecture.fs","controlVariable":"rate"}},"Ocean Structure":{"mX":{"func":{},"expression":"value","additionalScope":{},"moduleName":"Ocean Structure","controlVariable":"mX"},"mY":{"func":{},"expression":"(value * 1.5) > 0.1 ? (sin((value * 360) * (PI / 180)) / 2) : 0","additionalScope":{},"moduleName":"Ocean Structure","controlVariable":"mY"}},"Voxel Pac-Man":{"mY":{"func":{},"expression":"value * 5 > 0.15 ? value * 5 : 0","additionalScope":{},"moduleName":"Voxel Pac-Man","controlVariable":"mY"},"mX":{"func":{},"expression":"value","additionalScope":{},"moduleName":"Voxel Pac-Man","controlVariable":"mX"}},"MirrorEdge":{"angle":{"func":{},"expression":"(value * 10 > 0.25) ? 0.45 + sin((value * 360) * (PI / 180)) / 2 : 0","additionalScope":{},"moduleName":"MirrorEdge","controlVariable":"angle"}},"Echo Trace.fs":{"thresh":{"func":{},"expression":"value % 1","additionalScope":{},"moduleName":"Echo Trace.fs","controlVariable":"thresh"}},"rgbtimeglitch.fs":{"inputRate":{"func":{},"expression":"value * 10","additionalScope":{},"moduleName":"rgbtimeglitch.fs","controlVariable":"inputRate"},"glitch_horizontal":{"func":{},"expression":"value * 10","additionalScope":{},"moduleName":"rgbtimeglitch.fs","controlVariable":"glitch_horizontal"},"glitch_vertical":{"func":{},"expression":"value * 25","additionalScope":{},"moduleName":"rgbtimeglitch.fs","controlVariable":"glitch_vertical"}},"VHS Glitch.fs.fs":{"xScanline":{"func":{},"expression":"value * 10","additionalScope":{},"moduleName":"VHS Glitch.fs.fs","controlVariable":"xScanline"}},"RGB Halftone-lookaround.fs":{"gridSize":{"func":{},"expression":"(1 + value * 100) > 35 ? 1 + value * 100 : 25","additionalScope":{},"moduleName":"RGB Halftone-lookaround.fs","controlVariable":"gridSize"}},"Convergence.fs":{"color_magnitude":{"func":{},"expression":"value * 10","additionalScope":{},"moduleName":"Convergence.fs","controlVariable":"color_magnitude"}},"Slice.fs":{"timeMultiplier":{"func":{},"expression":"value * 10","additionalScope":{},"moduleName":"Slice.fs","controlVariable":"timeMultiplier"}},"rotozoomer.fs":{"zoomScale":{"func":{},"expression":"(value * 100 > 2) ? 1 + sin((value * 360) * (PI / 180)) / 2 : 1 + sin((value * 360) * (PI / 180)) / 2 % 1","additionalScope":{},"moduleName":"rotozoomer.fs","controlVariable":"zoomScale"}},"Falling Into Fractals":{"modvwaveaspeed":{"func":{},"expression":"value","additionalScope":{},"moduleName":"Falling Into Fractals","controlVariable":"modvwaveaspeed"},"modvwavebspeed":{"func":{},"expression":"value","additionalScope":{},"moduleName":"Falling Into Fractals","controlVariable":"modvwavebspeed"}},"NERDDISCO UltraSquare":{"superWidth":{"func":{},"expression":"(sin((value * 360) * (PI / 180)) / 2) * 600 < 50 ? 5 : (sin((value * 360) * (PI / 180)) / 2) * 600","additionalScope":{},"moduleName":"NERDDISCO UltraSquare","controlVariable":"superWidth"},"superHeight":{"func":{},"expression":"(sin((value * 360) * (PI / 180)) / 2) * 600","additionalScope":{},"moduleName":"NERDDISCO UltraSquare","controlVariable":"superHeight"}},"scale.fs":{"scale":{"func":{},"expression":"value / 100","additionalScope":{},"moduleName":"scale.fs","controlVariable":"scale"}},"Pixelate":{"pixelAmount":{"func":{},"expression":"value * 400","additionalScope":{},"moduleName":"Pixelate","controlVariable":"pixelAmount"}},"Fire Storm Cube":{"modvstrength":{"func":{},"expression":"60 - (value) < 60 ? 60 - (value * 10) : 60 - (value)","additionalScope":{},"moduleName":"Fire Storm Cube","controlVariable":"modvstrength"}}}},"MIDI Assignment":{"assignments":{"11":{"deviceId":"input-1","variable":"rgbtimeglitch.fs,enable,internal","value":null},"12":{"deviceId":"input-1","variable":"VHS Glitch.fs.fs,enable,internal","value":null},"13":{"deviceId":"input-1","variable":"RGB Halftone-lookaround.fs,enable,internal","value":null},"14":{"deviceId":"input-1","variable":"Convergence.fs,enable,internal","value":null},"15":{"deviceId":"input-1","variable":"LogTransWarpSpiral.fs,enable,internal","value":null},"16":{"deviceId":"input-1","variable":"Slice.fs,enable,internal","value":null},"17":{"deviceId":"input-1","variable":"rotozoomer.fs,enable,internal","value":null},"18":{"deviceId":"input-1","variable":"RGB Strobe.fs,enable,internal","value":null},"21":{"deviceId":"input-1","variable":"Pinch.fs,enable,internal","value":null},"22":{"deviceId":"input-1","variable":"feedback.fs,enable,internal","value":null},"23":{"deviceId":"input-1","variable":"Optical Flow Distort,enable,internal","value":null},"24":{"deviceId":"input-1","variable":"Optical Flow Distort (1),enable,internal","value":null},"25":{"deviceId":"input-1","variable":"Fisheye,enable,internal","value":null},"26":{"deviceId":"input-1","variable":"MirrorEdge,enable,internal","value":null},"27":{"deviceId":"input-1","variable":"EdgeDistort,enable,internal","value":null},"28":{"deviceId":"input-1","variable":"Echo Trace.fs,enable,internal","value":null},"31":{"deviceId":"input-1","variable":"Chromatic Abberation (1),enable,internal","value":null},"32":{"deviceId":"input-1","variable":"Chromatic Abberation,enable,internal","value":null},"33":{"deviceId":"input-1","variable":"Collage.fs,enable,internal","value":null},"34":{"deviceId":"input-1","variable":"MattiasCRT,enable,internal","value":null},"35":{"deviceId":"input-1","variable":"badtv.fs,enable,internal","value":null},"36":{"deviceId":"input-1","variable":"Triangles.fs,enable,internal","value":null},"37":{"deviceId":"input-1","variable":"ASCII Art.fs,enable,internal","value":null},"38":{"deviceId":"input-1","variable":"Pixelate,enable,internal","value":null},"61":{"deviceId":"input-1","variable":"Ocean Structure,enable,internal","value":null},"62":{"deviceId":"input-1","variable":"Super Mario Bros.,enable,internal","value":null},"63":{"deviceId":"input-1","variable":"Re Fractal land by Kali,enable,internal","value":null},"64":{"deviceId":"input-1","variable":"Galaxy of Universes,enable,internal","value":null},"65":{"deviceId":"input-1","variable":"Tokyo,enable,internal","value":null},"66":{"deviceId":"input-1","variable":"Minecraft Blocks,enable,internal","value":null},"67":{"deviceId":"input-1","variable":"Voxel Pac-Man,enable,internal","value":null},"68":{"deviceId":"input-1","variable":"Fire Storm Cube,enable,internal","value":null},"71":{"deviceId":"input-1","variable":"NERDDISCO UltraSquare,enable,internal","value":null},"72":{"deviceId":"input-1","variable":"GreatBallOfFire.fs,enable,internal","value":null},"73":{"deviceId":"input-1","variable":"tapestryfract.fs,enable,internal","value":null},"74":{"deviceId":"input-1","variable":"hexagons.fs,enable,internal","value":null},"75":{"deviceId":"input-1","variable":"plasma.fs,enable,internal","value":null},"76":{"deviceId":"input-1","variable":"CollapsingArchitecture.fs,enable,internal","value":null},"77":{"deviceId":"input-1","variable":"st_Ms2SD1.fs.fs,enable,internal","value":null},"78":{"deviceId":"input-1","variable":"Falling Into Fractals,enable,internal","value":null},"81":{"deviceId":"input-1","variable":"block-color.fs,enable,internal","value":null},"82":{"deviceId":"input-1","variable":"Text,enable,internal","value":null},"83":{"deviceId":"input-1","variable":"Waveform,enable,internal","value":null},"84":{"deviceId":"input-1","variable":"Polygon,enable,internal","value":null},"85":{"deviceId":"input-1","variable":"Polygon (1),enable,internal","value":null},"86":{"deviceId":"input-1","variable":"Ball,enable,internal","value":null},"87":{"deviceId":"input-1","variable":"Doughnut Generator,enable,internal","value":null},"88":{"deviceId":"input-1","variable":"Un Deux Trois,enable,internal","value":null}},"devices":{}},"Grab Canvas":{"selectionX":"1","selectionY":"1","showCanvas":false,"url":"ws://localhost:3006/modV"}},"presetInfo":{"name":"timpietrusky_live_2019","datetime":1567205842208,"modvVersion":"2.0.0","author":"Tim Pietrusky"}}